<odoo>
    <data noupdate="1">
        <record id="ir_cron_portal_employee_sync" model="ir.cron">
            <field name="name">Portal Employee Sync</field>
            <field name="model_id" ref="model_portal_employee_sync"/>
            <field name="state">code</field>
            <field name="code">model.cron_sync_portal_employees()</field>
            <field name="interval_number">5</field>
            <field name="interval_type">minutes</field>
            <field name="numbercall">-1</field>
            <field name="active">True</field>
        </record>
    </data>
</odoo>
